{
  "start": 0,
  "step": 101,
  "data": [
    {
      "values": [
        1, 0.9777019572024853, 0.964741327812537, 0.9525064814441956,
        0.9556081802854693, 0.9518425853055112, 0.949157431318175,
        0.9105381248210477, 0.9380634571698767, 0.9341229507080346,
        0.9447112725372416, 0.9475534884196122, 0.9324821466589353,
        0.9351868846680746, 0.9476732128299327, 0.9300650509980996,
        0.9270260991105773, 0.9491716089175123, 0.9370896592871641,
        0.9476880608940111, 0.9342158108666745, 0.9430748674428765,
        0.9451998456618993, 0.9378690265334773, 0.940109466798022,
        0.9282360685006509, 0.9317991371280224, 0.9207203046880691,
        0.9378498669151096, 0.9126334503299942, 0.9265564183396257,
        0.9302022254651499, 0.9246430623403026, 0.9226370950662002,
        0.9144556905687783, 0.9074986231458426, 0.9225322163321803,
        0.9338899592789495, 0.9286479507725902, 0.9227601277297538,
        0.9025497308092219, 0.9198613740044506, 0.9053695648178445,
        0.8941748932105308, 0.8871312680091412, 0.9017135982319872,
        0.8901094515752361, 0.9155095509492809, 0.8838658975820578,
        0.9090689438719903, 0.9053931008798686, 0.9088517524260964,
        0.9179034898528525, 0.9337323140492327, 0.9180671975163173,
        0.9039566799373413, 0.8925064915070167, 0.8949060418649979,
        0.8691000731282089, 0.8942543528670012, 0.9106169512098086,
        0.8821611378114721, 0.8963934688469313, 0.8900554438986144,
        0.8577359634061554, 0.8357782340060236, 0.830193572709252,
        0.8972779510082249, 0.8969899595440065, 0.9213215483543105,
        0.8899951332516268, 0.8963026550303815, 0.8837842196925288,
        0.8667658175508076, 0.8722862440562605, 0.8679768547020106,
        0.8847636901538354, 0.8542226758337081, 0.8331483190465023,
        0.8849134833222617, 0.838153871565691, 0.8276590989834801,
        0.8581320334261995, 0.8669760276121575, 0.8339469231732037,
        0.8628491438195935, 0.855440961697953, 0.8355383880956905,
        0.839168263317804, 0.8595824550532172, 0.8891200354352072,
        0.826760951596043, 0.8286404787058432, 0.8297631113017364,
        0.8214674226809822, 0.8662580635061322, 0.8611529289908674,
        0.8741942695891077, 0.8382487112225677, 0.8695025694182461,
        0.8173361357664475, 0.8279331119226994, 0.8501140492285979,
        0.8344369437969988, 0.8383623982155067, 0.8447124070484291,
        0.8283431877359089, 0.859426264779395, 0.8487077882375077,
        0.8751530972003772, 0.847243622811927, 0.8389334462329688,
        0.8804008959194308, 0.8692332199689446, 0.8783352914773472,
        0.8773480495741149, 0.8621042166656866, 0.8559329238492143,
        0.8131529759879055, 0.8522841082575968, 0.8008765537180571,
        0.8133117283481522, 0.8234554104137389, 0.8191538698636901,
        0.8049013218064867, 0.8362636395849615, 0.8502917376016338,
        0.8550575233423211, 0.851255552771001, 0.8509375875376538,
        0.8365620793759095, 0.8151955246020066, 0.8281671359631863,
        0.8216456820359257, 0.8265923373181019, 0.8503688058465383,
        0.8616839176414463, 0.8113951436156562, 0.8381672225192698,
        0.8783515618688461, 0.8715168987235614, 0.8571053635850698,
        0.8529786238758812, 0.8831025130985772, 0.8371025575303719,
        0.7982228843069685, 0.85353893925891, 0.8359649374444506,
        0.8086511616895483, 0.8294812227142382, 0.83858546215595,
        0.8574755672897191, 0.8489610743113755, 0.8118561102636005,
        0.8504838377944625, 0.8454885598719027, 0.8340222096142316,
        0.8283839150828314, 0.839948092910294, 0.8267442465434274,
        0.8487189619935641, 0.8437482058124371, 0.8506746550161588,
        0.8526215869074336, 0.8378083286511016, 0.8109483178931505,
        0.8057300903727499, 0.8046174429531661, 0.8381893398276754,
        0.8383400777914148, 0.837337654336156, 0.7926089405029116,
        0.8248474360935021, 0.832886224028146, 0.8119926744165267,
        0.8674654005738853, 0.8566438100478019, 0.8526304145009489,
        0.7952234681143239, 0.8251902446288247, 0.8310625328671924,
        0.843405754011035, 0.8427106812876896, 0.8636628529754479,
        0.847800692928142, 0.8716398646189928, 0.8330800754192567,
        0.8591409642592531, 0.871849697752359, 0.8468801898575824,
        0.8415588054360235, 0.833308537730537, 0.8307029563669145,
        0.82691054399571, 0.852649101514303, 0.8809161153490194,
        0.9116020749689618, 0.8769065996312018, 0.8735847571301056
      ],
      "reference": "firstframe",